<?xml version="1.0" encoding="MacRoman" standalone="no"?>
<jardesc>
    <jar path="ChatUDP/chat.jar"/>
    <options buildIfNeeded="true" compress="true" descriptionLocation="/ChatUDP/chat.jardesc" exportErrors="false" exportWarnings="true" includeDirectoryEntries="false" overwrite="false" saveDescription="true" storeRefactorings="false" useSourceFolders="false"/>
    <storedRefactorings deprecationInfo="true" structuralOnly="false"/>
    <selectedProjects/>
    <manifest generateManifest="true" mainClassHandleIdentifier="=ChatUDP/src&lt;es.uma.informatica.rsd.chat.impl{ControladorImpl.java[ControladorImpl" manifestLocation="" manifestVersion="1.0" reuseManifest="false" saveManifest="false" usesManifest="true">
        <sealing sealJar="false">
            <packagesToSeal/>
            <packagesToUnSeal/>
        </sealing>
    </manifest>
    <selectedElements exportClassFiles="true" exportJavaFiles="false" exportOutputFolder="false">
        <javaElement handleIdentifier="=ChatUDP/src"/>
    </selectedElements>
</jardesc>
